{
  "Link Color" : {
    "Red Component" : 0,
    "Color Space" : "sRGB",
    "Blue Component" : 0.73423302173614502,
    "Alpha Component" : 1,
    "Green Component" : 0.35916060209274292
  },
  "Tags" : [

  ],
  "Ansi 12 Color" : {
    "Red Component" : 0.21506355702877045,
    "Color Space" : "sRGB",
    "Blue Component" : 0.64715576171875,
    "Alpha Component" : 1,
    "Green Component" : 0.60167235136032104
  },
  "Ansi 7 Color" : {
    "Red Component" : 0.93333333730697632,
    "Color Space" : "sRGB",
    "Blue Component" : 0.83529412746429443,
    "Alpha Component" : 1,
    "Green Component" : 0.90980392694473267
  },
  "Reduce Flicker" : true,
  "Bold Color" : {
    "Red Component" : 0.57647061347961426,
    "Color Space" : "sRGB",
    "Blue Component" : 0.63137257099151611,
    "Alpha Component" : 1,
    "Green Component" : 0.63137257099151611
  },
  "Ansi 8 Color" : {
    "Red Component" : 0,
    "Color Space" : "sRGB",
    "Blue Component" : 0.21176470816135406,
    "Alpha Component" : 1,
    "Green Component" : 0.16862745583057404
  },
  "Ansi 9 Color" : {
    "Red Component" : 0.79607844352722168,
    "Color Space" : "sRGB",
    "Blue Component" : 0.086274512112140656,
    "Alpha Component" : 1,
    "Green Component" : 0.29411765933036804
  },
  "Horizontal Spacing" : 1,
  "Rows" : 25,
  "Default Bookmark" : "No",
  "Right Option Key Sends" : 0,
  "Cursor Guide Color" : {
    "Red Component" : 0.70213186740875244,
    "Color Space" : "sRGB",
    "Blue Component" : 1,
    "Alpha Component" : 0.25,
    "Green Component" : 0.9268307089805603
  },
  "Non-ASCII Anti Aliased" : true,
  "Use Bright Bold" : true,
  "Ansi 10 Color" : {
    "Red Component" : 0.38475701212882996,
    "Color Space" : "sRGB",
    "Blue Component" : 0.40870365500450134,
    "Alpha Component" : 1,
    "Green Component" : 0.642791748046875
  },
  "Ambiguous Double Width" : false,
  "Jobs to Ignore" : [
    "rlogin",
    "ssh",
    "slogin",
    "telnet"
  ],
  "Show Status Bar" : true,
  "Ansi 15 Color" : {
    "Red Component" : 0.99215686321258545,
    "Color Space" : "sRGB",
    "Blue Component" : 0.89019608497619629,
    "Alpha Component" : 1,
    "Green Component" : 0.96470588445663452
  },
  "Foreground Color" : {
    "Red Component" : 0.70991077553480864,
    "Color Space" : "sRGB",
    "Blue Component" : 0.75152587890625,
    "Alpha Component" : 1,
    "Green Component" : 0.74714534170925617
  },
  "Working Directory" : "\/Users\/gianlucatruda",
  "Blinking Cursor" : true,
  "Disable Window Resizing" : true,
  "Sync Title" : false,
  "Prompt Before Closing 2" : false,
  "BM Growl" : true,
  "Command" : ".\/bash",
  "Description" : "Default",
  "Mouse Reporting" : true,
  "Screen" : -2,
  "Selection Color" : {
    "Red Component" : 0.027450980618596077,
    "Color Space" : "sRGB",
    "Blue Component" : 0.25882354378700256,
    "Alpha Component" : 1,
    "Green Component" : 0.21176470816135406
  },
  "Columns" : 80,
  "Idle Code" : 0,
  "Ansi 13 Color" : {
    "Red Component" : 0.42352941632270813,
    "Color Space" : "sRGB",
    "Blue Component" : 0.76862746477127075,
    "Alpha Component" : 1,
    "Green Component" : 0.44313725829124451
  },
  "Custom Command" : "No",
  "ASCII Anti Aliased" : true,
  "Non Ascii Font" : "DroidSansMonoNerdFontComplete- 12",
  "Vertical Spacing" : 1,
  "Use Bold Font" : true,
  "Option Key Sends" : 0,
  "Selected Text Color" : {
    "Red Component" : 0.57647061347961426,
    "Color Space" : "sRGB",
    "Blue Component" : 0.63137257099151611,
    "Alpha Component" : 1,
    "Green Component" : 0.63137257099151611
  },
  "Background Color" : {
    "Red Component" : 0.090196080505847931,
    "Color Space" : "sRGB",
    "Blue Component" : 0.090196080505847931,
    "Alpha Component" : 1,
    "Green Component" : 0.090196080505847931
  },
  "Character Encoding" : 4,
  "Ansi 11 Color" : {
    "Red Component" : 0.83099365234375,
    "Color Space" : "sRGB",
    "Blue Component" : 0.60518896579742432,
    "Alpha Component" : 1,
    "Green Component" : 0.8020789623260498
  },
  "Thin Strokes" : 3,
  "Use Italic Font" : true,
  "Unlimited Scrollback" : true,
  "Keyboard Map" : {
    "0xf700-0x260000" : {
      "Action" : 10,
      "Text" : "[1;6A"
    },
    "0x37-0x40000" : {
      "Action" : 11,
      "Text" : "0x1f"
    },
    "0x32-0x40000" : {
      "Action" : 11,
      "Text" : "0x00"
    },
    "0xf709-0x20000" : {
      "Action" : 10,
      "Text" : "[17;2~"
    },
    "0xf70c-0x20000" : {
      "Action" : 10,
      "Text" : "[20;2~"
    },
    "0xf729-0x20000" : {
      "Action" : 10,
      "Text" : "[1;2H"
    },
    "0xf72b-0x40000" : {
      "Action" : 10,
      "Text" : "[1;5F"
    },
    "0xf705-0x20000" : {
      "Action" : 10,
      "Text" : "[1;2Q"
    },
    "0xf703-0x260000" : {
      "Action" : 10,
      "Text" : "[1;6C"
    },
    "0xf700-0x220000" : {
      "Action" : 10,
      "Text" : "[1;2A"
    },
    "0xf701-0x280000" : {
      "Action" : 11,
      "Text" : "0x1b 0x1b 0x5b 0x42"
    },
    "0x38-0x40000" : {
      "Action" : 11,
      "Text" : "0x7f"
    },
    "0x33-0x40000" : {
      "Action" : 11,
      "Text" : "0x1b"
    },
    "0xf703-0x220000" : {
      "Action" : 10,
      "Text" : "[1;2C"
    },
    "0xf701-0x240000" : {
      "Action" : 10,
      "Text" : "[1;5B"
    },
    "0xf70d-0x20000" : {
      "Action" : 10,
      "Text" : "[21;2~"
    },
    "0xf702-0x260000" : {
      "Action" : 10,
      "Text" : "[1;6D"
    },
    "0xf729-0x40000" : {
      "Action" : 10,
      "Text" : "[1;5H"
    },
    "0xf706-0x20000" : {
      "Action" : 10,
      "Text" : "[1;2R"
    },
    "0x34-0x40000" : {
      "Action" : 11,
      "Text" : "0x1c"
    },
    "0xf700-0x280000" : {
      "Action" : 11,
      "Text" : "0x1b 0x1b 0x5b 0x41"
    },
    "0x2d-0x40000" : {
      "Action" : 11,
      "Text" : "0x1f"
    },
    "0xf70e-0x20000" : {
      "Action" : 10,
      "Text" : "[23;2~"
    },
    "0xf702-0x220000" : {
      "Action" : 10,
      "Text" : "[1;2D"
    },
    "0xf703-0x280000" : {
      "Action" : 11,
      "Text" : "0x1b 0x1b 0x5b 0x43"
    },
    "0xf700-0x240000" : {
      "Action" : 10,
      "Text" : "[1;5A"
    },
    "0xf707-0x20000" : {
      "Action" : 10,
      "Text" : "[1;2S"
    },
    "0xf70a-0x20000" : {
      "Action" : 10,
      "Text" : "[18;2~"
    },
    "0x35-0x40000" : {
      "Action" : 11,
      "Text" : "0x1d"
    },
    "0xf70f-0x20000" : {
      "Action" : 10,
      "Text" : "[24;2~"
    },
    "0xf703-0x240000" : {
      "Action" : 10,
      "Text" : "[1;5C"
    },
    "0xf701-0x260000" : {
      "Action" : 10,
      "Text" : "[1;6B"
    },
    "0xf702-0x280000" : {
      "Action" : 11,
      "Text" : "0x1b 0x1b 0x5b 0x44"
    },
    "0xf72b-0x20000" : {
      "Action" : 10,
      "Text" : "[1;2F"
    },
    "0x36-0x40000" : {
      "Action" : 11,
      "Text" : "0x1e"
    },
    "0xf708-0x20000" : {
      "Action" : 10,
      "Text" : "[15;2~"
    },
    "0xf701-0x220000" : {
      "Action" : 10,
      "Text" : "[1;2B"
    },
    "0xf70b-0x20000" : {
      "Action" : 10,
      "Text" : "[19;2~"
    },
    "0xf702-0x240000" : {
      "Action" : 10,
      "Text" : "[1;5D"
    },
    "0xf704-0x20000" : {
      "Action" : 10,
      "Text" : "[1;2P"
    }
  },
  "Window Type" : 0,
  "Blur Radius" : 16.267728365384613,
  "Cursor Type" : 1,
  "Background Image Location" : "",
  "Blur" : false,
  "Badge Color" : {
    "Red Component" : 1,
    "Color Space" : "sRGB",
    "Blue Component" : 0,
    "Alpha Component" : 0.5,
    "Green Component" : 0.1491314172744751
  },
  "Scrollback Lines" : 0,
  "Send Code When Idle" : false,
  "Close Sessions On End" : true,
  "Terminal Type" : "xterm-256color",
  "Visual Bell" : true,
  "Flashing Bell" : false,
  "Status Bar Layout" : {
    "components" : [
      {
        "class" : "iTermStatusBarCPUUtilizationComponent",
        "configuration" : {
          "knobs" : {
            "base: priority" : 5,